{"dims": [640, 480], "R": [[0.9998927913483252, -0.0006849128994204515, -0.014626575264728263], [0.0006251447921124178, 0.9999914386726302, -0.004090449294648414], [0.014629251643315452, 0.004080867035741602, 0.999884659108536]], "M1": [[1035.2814930381253, 0.0, 326.5455123177998], [0.0, 1038.0424782951486, 253.17923258638243], [0.0, 0.0, 1.0]], "T": [[-1.6173230456450116], [-0.010634596265599941], [-0.038130848579787116]], "M2": [[1030.2152556403105, 0.0, 342.01587894592825], [0.0, 1032.8477735454685, 255.41064887120433], [0.0, 0.0, 1.0]], "E": [[-0.00013173888348604323, 0.03808712375577083, -0.010789341964463841], [-0.014466534799649423, 0.006626196613176082, 1.617694225889802], [0.009622395065724827, -1.6173164829851177, 0.006460030188588466]], "F": [[-3.2704144421063737e-08, 9.4299700909462e-06, -0.0051497443708887975], [-3.58216007136279e-06, 1.63639489296144e-06, 0.415456700525144], [0.0033870412075535693, -0.4161727635493688, 1.0]], "d2": [[-0.14851726587454941, -0.6247393751167784, -0.002401501196368802, 0.001969347479806485, 3.3141425433355907]], "d1": [[-0.15975027028166414, -0.9108874681513167, -0.0007343410448822311, 0.004309406365124795, 6.112765291088938]]}