{"dims": [640, 480], "R": [[0.9999623253056868, -0.0030179368077649536, 0.008138797618086639], [0.0029981421226899507, 0.9999925208236053, 0.0024432438812678576], [-0.008146110302223232, -0.0024187505608346867, 0.9999638946145348]], "M1": [[548.8432501631069, 0.0, 323.95437822310123], [0.0, 552.0313377460571, 281.7710190267515], [0.0, 0.0, 1.0]], "T": [[-2.662275338883387], [-0.04266784713655939], [-0.001559751321924236]], "M2": [[551.6955707699101, 0.0, 337.6487050279526], [0.0, 554.9547715757938, 260.04722944893047], [0.0, 0.0, 1.0]], "E": [[0.0003522533452719949, 0.0016629425354601293, -0.042662495744617966], [-0.023246881124202784, -0.006434672738095152, 2.6621665219057182], [0.034684359802756574, -2.662384196122898, -0.006157322959333233]], "F": [[1.1224974574614098e-08, 5.2685617773367736e-08, -0.000764629395288982], [-7.364391057665718e-07, -2.0266707807179516e-07, 0.04658232225497515], [0.0007974851528521799, -0.046500658457147494, 0.9999999999999999]], "d2": [[0.0017450832395423156, 0.16106307056932798, 0.00274153849245943, 0.0011519175113730332, -0.21146855664995695]], "d1": [[-0.00771111691385294, 0.00047290939205099316, 0.0008852431368314769, -0.00027331738264728, 0.03551633510316888]]}