{"dims": [640, 480], "R": [[0.9999665533813263, -0.0014568128904699738, -0.008047969611844655], [0.0014247121143174252, 0.9999910131354594, -0.003992974293531379], [0.008053714302254064, 0.003981374702241144, 0.9999596423563393]], "M1": [[863.9968425730524, 0.0, 315.45360937423743], [0.0, 862.998830668781, 265.81945148512136], [0.0, 0.0, 1.0]], "T": [[-2.5494292499672793], [-0.00891706691501379], [0.0024166995434300657]], "M2": [[858.4787016938428, 0.0, 324.24753126997916], [0.0, 858.4502438127612, 264.04065858200056], [0.0, 0.0, 1.0]], "E": [[-7.525861046379329e-05, -0.002452180009512261, -0.008907057224052628], [0.022948993526048317, 0.010146712441926078, 2.5493069114855844], [0.005284565932253425, -2.549419329089981, 0.010108041174737514]], "F": [[-6.36461030431857e-09, -2.0762034956898422e-07, -0.0005936244258207264], [1.9408575543499253e-06, 8.591269044419629e-07, 0.18543854832502585], [-0.00012673457855631924, -0.18546504957419158, 1.0]], "d2": [[-0.016052397020803674, -1.4811838843846508, 0.0033066841062344724, -0.0040292994557744365, 7.608873984302092]], "d1": [[-0.09843015722271763, -0.14996338410033147, 0.004370433758164471, -0.0033707563374273638, 0.5172422736104375]]}