{"dims": [1280, 720], "R": [[0.9999189696684146, 0.004689911115589362, 0.011834645367896027], [-0.004760806846482598, 0.999970849590932, 0.005969479588718618], [-0.01180630405446497, -0.006025338340501314, 0.9999121493823625]], "M1": [[1409.1739848755112, 0.0, 642.9552263048537], [0.0, 1414.5562446734414, 376.81401942388953], [0.0, 0.0, 1.0]], "T": [[-2.6639570189583752], [-0.0328365714482525], [0.03617485776013091]], "M2": [[1416.1242965575664, 0.0, 657.1245447051931], [0.0, 1421.5184679617998, 337.011075920792], [0.0, 0.0, 1.0]], "E": [[0.0005599000571191975, -0.035975951795311455, -0.033049631810193575], [0.004720439945562871, -0.01588158549626338, 2.664151105301725], [0.045516495504572325, -2.6637253629201, -0.01551382787170807]], "F": [[5.37563195775755e-09, -3.440928945780173e-07, -0.00032094419866507363], [4.514923123803887e-08, -1.5132341604395353e-07, 0.03593600318291715], [0.0006001071794578133, -0.03580186886931027, 1.0]], "d2": [[0.010314123451760747, 0.8271575097676646, -0.0008838407876177871, 0.0007787402762046329, -2.7864468940620286]], "d1": [[-0.0512963691358075, 0.4154031476438621, 0.00038123775528659117, 0.00023389302059386647, -1.1119833394058438]]}