{"dims": [640, 480], "R": [[0.9998018435236873, -0.007900691055722778, -0.018271638335909158], [0.00987282649162484, 0.9938275124617737, 0.11049616631860673], [0.017285860803052704, -0.11065466350265113, 0.9937085812557988]], "M1": [[798.7155894696258, 0.0, 322.6581297517032], [0.0, 802.2355481957384, 222.81227409903244], [0.0, 0.0, 1.0]], "T": [[-3.836118506385022], [-0.08219947253623817], [-0.023960846679799076]], "M2": [[792.5501959332036, 0.0, 314.62936981895984], [0.0, 795.3255471745523, 247.01583258888763], [0.0, 0.0, 1.0]], "E": [[-0.0011843273584836854, 0.03290870362585551, -0.07903473953409451], [0.0423545118425344, -0.42429509523327663, 3.812421682433729], [0.04430985176355528, -3.8130895453466533, -0.4253783075329893]], "F": [[3.3126037611152232e-09, -9.1642886992092e-08, 0.000195916662184574], [-1.1805360514993937e-07, 1.1774374469036673e-06, -0.008711617379736572], [-7.010675849222066e-05, 0.008153717386304115, 1.0]], "d2": [[-0.02148139377073586, -0.1825892406223395, -0.00038845640457085655, -0.0007068463706424149, 1.0474725654291237]], "d1": [[-0.04266865633333624, 1.216494251103023, -0.003052356550531791, 0.0008703340947117817, -4.07643871556228]]}