{"dims": [1280, 720], "R": [[0.9998785748453797, 0.0023689964955827957, 0.015402058978478246], [-0.002442428254059445, 0.9999857330815269, 0.0047505976071369055], [-0.015390585089475255, -0.004787639189107632, 0.9998700957632439]], "M1": [[1417.9493851003642, 0.0, 630.9483552231121], [0.0, 1421.1741896065766, 375.912501899452], [0.0, 0.0, 1.0]], "T": [[-5.144521294299656], [-0.08312021720153637], [0.04274919282935476]], "M2": [[1423.8639271388217, 0.0, 644.8653831509997], [0.0, 1427.5533379827414, 337.3674184375113], [0.0, 0.0, 1.0]], "E": [[0.0013836806119005617, -0.042350633320824664, -0.08331250374632396], [-0.03643319072253067, -0.024528839069786014, 5.1445114247766845], [0.09567524847911854, -5.144250986330504, -0.023159328062922813]], "F": [[6.419541712654201e-09, -1.9603855642517812e-07, -0.0004784309090076995], [-1.685937693063899e-07, -1.1324909082316757e-07, 0.03390480577221783], [0.0006847662129198962, -0.033741036603525974, 1.0]], "d2": [[-0.011388265637503706, 1.0673101869904895, 0.001447651184237097, -0.0006983904100707272, -3.585798725004423]], "d1": [[-0.06639947540791419, 0.5546340782302229, 0.0025750393162098733, -0.0006202632565347928, -1.4571398813415095]]}