{"dims": [640, 480], "R": [[0.9999526204719721, -0.0016284696693829308, 0.009597129663186578], [0.0016336785051302369, 0.999998522468542, -0.0005349348321962903], [-0.009596244357976267, 0.0005505881116781273, 0.9999538034064139]], "M1": [[760.9100613362376, 0.0, 306.40700193406525], [0.0, 763.3460562721755, 251.29692451694638], [0.0, 0.0, 1.0]], "T": [[-2.6651382454157466], [-0.03038161753202207], [0.04786002803026921]], "M2": [[766.0672988321614, 0.0, 317.20138158034234], [0.0, 768.9263826998005, 229.06353620070232], [0.0, 0.0, 1.0]], "E": [[0.0002133615267798782, -0.0478766850729989, -0.030354612008721173], [0.022282442593932104, 0.0013894548298815032, 2.665474444002063], [0.026026199000586454, -2.665183783132807, 0.0017172516029235463]], "F": [[4.3852326325332465e-09, -9.808722771189117e-07, -0.00022957021180646648], [4.562695484694849e-07, 2.8360571735452606e-08, 0.04138350945024337], [0.0003038775266357696, -0.04152484306485805, 1.0]], "d2": [[-0.026544965114796815, 0.9260428816534452, -0.000870241201108456, -0.002116553436756994, -2.82692834277864]], "d1": [[-0.041690457521734364, 0.20564657519160687, -0.00016183211571674152, -0.0014093847106629073, -0.4175031276268597]]}