
{"dims": [640, 480], "R": [[0.9999638893969426, 0.0008775906268272046, 0.008452794616621111], [-0.0008636777959004553, 0.999998266679227, -0.0016494542147424225], [-0.008454227510774851, 0.0016420941609323276, 0.9999629140942992]], "M1": [[894.0617948893167, 0.0, 307.80713304956964], [0.0, 897.3344299926715, 259.7919076063825], [0.0, 0.0, 1.0]], "T": [[-2.6619090817019426], [-0.04009696378894658], [-0.01384273132102064]], "M2": [[897.2296992539528, 0.0, 317.3774855306654], [0.0, 901.4072215181016, 241.15663913161399], [0.0, 0.0, 1.0]], "E": [[0.00032703319468647393, 0.013776864337017941, -0.040118309708249617], [-0.036346616441350656, 0.004358957108738478, 2.6616933526279647], [0.04239454763197513, -2.66186927904005, 0.00472962855373246]], "F": [[6.647877156031665e-09, 2.7903246520425985e-07, -0.0008036605039533295], [-7.35423908298251e-07, 8.787585377981953e-08, 0.04835387433752391], [0.0009484655269954277, -0.04848182562141855, 0.9999999999999999]], "d2": [[-0.019582285852427127, 1.5883972470244752, 5.812127298072986e-06, 0.0011005796115255467, -6.559174099197266]], "d1": [[-0.0383141984357941, 0.251751777807998, -0.0017717039059714325, 0.00039782338823982056, -0.6864776477706254]]}