{"dims": [640, 480], "R": [[0.9998618049129632, 0.000935934357504959, 0.016598045158090498], [-0.001045404059107486, 0.9999777531871645, 0.006587887453767426], [-0.016591510074275076, -0.006604328703868884, 0.9998405396041042]], "M1": [[888.599492115776, 0.0, 328.3858188201616], [0.0, 892.4012654943738, 266.5410688936356], [0.0, 0.0, 1.0]], "T": [[-2.67540850148206], [-0.01712879949611273], [0.02485473829594602]], "M2": [[893.4740693282788, 0.0, 331.45818076462194], [0.0, 897.2870646557864, 240.14717026134255], [0.0, 0.0, 1.0]], "E": [[0.0003101758937026285, -0.024741061135060083, -0.0172898083495504], [-0.01953776361191685, -0.017646014757394836, 2.6753944198518593], [0.019923315287395552, -2.6753329507379178, -0.017340985513076015]], "F": [[6.655680578485674e-09, -5.286261395914333e-07, -0.00019095599660471057], [-4.174551520874155e-07, -3.754287227127669e-07, 0.05103307605563467], [0.0004800134807928478, -0.0508074755751163, 1.0]], "d2": [[-0.01795187347738537, 1.2500924899497456, -0.0018224478530861862, -0.0005420644352138817, -4.433222904567981]], "d1": [[-0.04743155626942787, 0.342294687875658, 6.346200738019555e-05, 7.338785543426038e-06, -0.8587928738347088]]}